{
  "svm": {
    "model_name": "svm",
    "accuracy": 0.9720670391061452,
    "precision": 0.9728047235030476,
    "recall": 0.9720670391061452,
    "f1_score": 0.9722788283000692,
    "confusion_matrix": [
      [
        40,
        0,
        0,
        0,
        0,
        0,
        0,
        0,
        0,
        0
      ],
      [
        0,
        40,
        0,
        0,
        0,
        0,
        0,
        0,
        0,
        0
      ],
      [
        0,
        0,
        35,
        0,
        0,
        0,
        0,
        0,
        0,
        0
      ],
      [
        0,
        0,
        0,
        39,
        0,
        0,
        0,
        0,
        0,
        0
      ],
      [
        0,
        0,
        0,
        0,
        34,
        0,
        0,
        0,
        0,
        4
      ],
      [
        0,
        0,
        0,
        0,
        2,
        33,
        0,
        0,
        0,
        0
      ],
      [
        0,
        0,
        1,
        0,
        0,
        0,
        30,
        0,
        0,
        0
      ],
      [
        0,
        0,
        0,
        0,
        0,
        0,
        0,
        26,
        0,
        0
      ],
      [
        0,
        0,
        0,
        0,
        0,
        0,
        0,
        0,
        38,
        0
      ],
      [
        0,
        0,
        0,
        0,
        3,
        0,
        0,
        0,
        0,
        33
      ]
    ],
    "classification_report": {
      "0": {
        "precision": 1.0,
        "recall": 1.0,
        "f1-score": 1.0,
        "support": 40.0
      },
      "1": {
        "precision": 1.0,
        "recall": 1.0,
        "f1-score": 1.0,
        "support": 40.0
      },
      "2": {
        "precision": 0.9722222222222222,
        "recall": 1.0,
        "f1-score": 0.9859154929577465,
        "support": 35.0
      },
      "3": {
        "precision": 1.0,
        "recall": 1.0,
        "f1-score": 1.0,
        "support": 39.0
      },
      "4": {
        "precision": 0.8717948717948718,
        "recall": 0.8947368421052632,
        "f1-score": 0.8831168831168831,
        "support": 38.0
      },
      "5": {
        "precision": 1.0,
        "recall": 0.9428571428571428,
        "f1-score": 0.9705882352941176,
        "support": 35.0
      },
      "6": {
        "precision": 1.0,
        "recall": 0.967741935483871,
        "f1-score": 0.9836065573770492,
        "support": 31.0
      },
      "7": {
        "precision": 1.0,
        "recall": 1.0,
        "f1-score": 1.0,
        "support": 26.0
      },
      "8": {
        "precision": 1.0,
        "recall": 1.0,
        "f1-score": 1.0,
        "support": 38.0
      },
      "9": {
        "precision": 0.8918918918918919,
        "recall": 0.9166666666666666,
        "f1-score": 0.9041095890410958,
        "support": 36.0
      },
      "accuracy": 0.9720670391061452,
      "macro avg": {
        "precision": 0.9735908985908985,
        "recall": 0.9722002587112943,
        "f1-score": 0.9727336757786892,
        "support": 358.0
      },
      "weighted avg": {
        "precision": 0.9728047235030476,
        "recall": 0.9720670391061452,
        "f1-score": 0.9722788283000692,
        "support": 358.0
      }
    },
    "predictions": [
      9,
      3,
      9,
      4,
      9,
      7,
      7,
      3,
      0,
      6,
      6,
      8,
      2,
      2,
      2,
      4,
      2,
      2,
      2,
      0,
      4,
      5,
      3,
      9,
      3,
      3,
      1,
      3,
      9,
      7,
      9,
      9,
      3,
      2,
      4,
      2,
      6,
      0,
      2,
      6,
      8,
      2,
      4,
      1,
      3,
      3,
      5,
      4,
      2,
      8,
      6,
      2,
      0,
      5,
      3,
      3,
      1,
      1,
      3,
      9,
      9,
      7,
      6,
      8,
      4,
      2,
      4,
      3,
      1,
      3,
      9,
      5,
      3,
      7,
      9,
      9,
      2,
      2,
      8,
      6,
      6,
      0,
      5,
      3,
      3,
      6,
      4,
      2,
      2,
      0,
      6,
      8,
      2,
      3,
      9,
      1,
      9,
      7,
      9,
      9,
      9,
      1,
      3,
      3,
      3,
      4,
      7,
      6,
      0,
      0,
      2,
      2,
      4,
      8,
      6,
      2,
      6,
      7,
      9,
      5,
      3,
      9,
      3,
      6,
      2,
      6,
      8,
      3,
      3,
      5,
      7,
      3,
      1,
      4,
      9,
      4,
      2,
      0,
      6,
      2,
      8,
      8,
      6,
      6,
      6,
      6,
      7,
      9,
      1,
      9,
      3,
      9,
      1,
      3,
      3,
      5,
      0,
      2,
      2,
      4,
      4,
      7,
      1,
      1,
      7,
      9,
      8,
      8,
      0,
      4,
      6,
      0,
      4,
      0,
      2,
      3,
      5,
      5,
      1,
      9,
      7,
      3,
      1,
      5,
      5,
      6,
      8,
      0,
      9,
      0,
      8,
      2,
      2,
      4,
      0,
      8,
      0,
      0,
      0,
      4,
      7,
      5,
      1,
      7,
      1,
      5,
      5,
      3,
      9,
      4,
      0,
      0,
      8,
      4,
      2,
      9,
      5,
      1,
      1,
      7,
      5,
      5,
      1,
      3,
      8,
      0,
      4,
      8,
      6,
      2,
      0,
      4,
      4,
      8,
      4,
      0,
      8,
      1,
      1,
      5,
      7,
      5,
      1,
      3,
      9,
      7,
      1,
      1,
      1,
      6,
      6,
      8,
      4,
      0,
      8,
      4,
      8,
      8,
      3,
      3,
      1,
      5,
      5,
      5,
      5,
      1,
      0,
      4,
      8,
      4,
      0,
      0,
      2,
      2,
      8,
      9,
      0,
      0,
      6,
      0,
      7,
      7,
      5,
      1,
      9,
      9,
      5,
      5,
      1,
      1,
      5,
      3,
      2,
      0,
      8,
      8,
      6,
      0,
      4,
      8,
      0,
      4,
      4,
      9,
      7,
      5,
      7,
      1,
      4,
      8,
      9,
      4,
      0,
      8,
      8,
      6,
      1,
      7,
      5,
      1,
      9,
      3,
      5,
      1,
      1,
      1,
      7,
      1,
      5,
      4,
      4,
      0,
      6,
      8,
      8,
      8,
      0,
      4,
      2,
      0,
      6,
      8,
      0,
      9,
      8,
      2,
      9,
      1,
      7,
      7,
      1,
      5,
      1,
      3,
      0,
      4,
      8,
      4
    ],